id;payment_date;payment_provider;amount;payment_status;curency;customer_name;is_enough;is_confirmed;month;info
1;2021-02-27T01:39:39;Home Loan Account;35742;PAID;Checking Account;Music;false;false;OCTOBER;back up
2;2021-02-27T01:25:34;implementation copy;77152;FAILED;Alabama Accountability digital;Incredible Belarussian Ruble;false;false;MAY;Baby Singapore Dollar
3;2021-02-27T08:21:01;empower Functionality;62995;PAID;Route;Gorgeous Soft Hat;false;false;JULY;compressing leading edge
4;2021-02-26T13:01:39;Garden;35696;CANCELLED;Designer indigo 1080p;AI;true;false;JANUARY;Slovenia
5;2021-02-27T04:54:29;Kentucky SDD;55072;FAILED;withdrawal incubate;Beauty;true;true;JANUARY;West Virginia SMTP
6;2021-02-27T03:42:46;protocol Accounts optical;76678;CANCELLED;South Carolina discrete;transmit;true;false;OCTOBER;Intelligent Buckinghamshire payment
7;2021-02-26T16:32:41;Malaysian Ringgit methodology Intelligent Frozen Shirt;64798;CANCELLED;invoice Administrator EXE;lime Money Market Account action-items;true;true;MAY;program
8;2021-02-26T16:09:10;Lempira Metical back-end;10974;FAILED;reintermediate;deposit rich;false;true;AUGUST;Belgium Cambridgeshire
9;2021-02-26T18:26:22;Electronics;79422;REFUNDED;synthesizing;sensor Cambridgeshire;false;true;JUNE;end-to-end
10;2021-02-26T20:28:38;Soft Computer Customer-focused;72501;REFUNDED;client-driven;South Dakota schemas engineer;true;true;OCTOBER;United Arab Emirates
