id;first_name;last_name;middle_name;email;date_of_birth;gender;registeration_date;telephone;mobile;info
1;Toy;Cole;Licensed Steel Shirt Orchard Games;Esteban.Hane@gmail.com;2021-02-26;FEMALE;2021-02-26;852-052-4871 x9174;Shirt;superstructure
2;Sim;Fritsch;Philippines;Eduardo.Johns@gmail.com;2021-02-27;OTHER;2021-02-27;(842) 210-3282 x19432;Reduced;Illinois Refined Metal Soap Chad
3;Devonte;Gulgowski;Cambridgeshire interactive;Shaun81@gmail.com;2021-02-26;MALE;2021-02-26;(923) 147-7607;invoice Principal;policy rich secondary
4;Eleazar;Turner;cross-platform Supervisor incubate;Jan.VonRueden@hotmail.com;2021-02-27;FEMALE;2021-02-26;(419) 226-6465;impactful;Credit Card Account Branding
5;Makenzie;Grant;Metrics;Shirley48@yahoo.com;2021-02-27;FEMALE;2021-02-27;1-003-334-3741 x646;Tuna world-class Drive;Djibouti
6;Megane;Bosco;Accounts open architecture Group;Kayli16@yahoo.com;2021-02-26;MALE;2021-02-26;044.895.1751;Clothing Accountability neural;driver
7;Athena;Padberg;Executive Intelligent;Orville_Beahan@yahoo.com;2021-02-26;FEMALE;2021-02-26;(955) 942-8594 x4664;digital Illinois;Home Loan Account Beauty
8;Lyda;Dach;Generic Exclusive;Thalia_Dickinson@gmail.com;2021-02-27;FEMALE;2021-02-27;586-397-5075;Avon transmitting;West Virginia sensor Optional
9;Mayra;Smitham;backing up;Jake_Witting@gmail.com;2021-02-27;FEMALE;2021-02-26;924-060-6080 x679;Licensed Wooden Bacon backing up;24/365
10;Kay;Upton;Executive European Unit of Account 9(E.U.A.-9);Lawson46@yahoo.com;2021-02-26;MALE;2021-02-27;(120) 817-9137 x67935;District Haven Plastic;silver index 24/7
