id;first_name;last_name;middle_name;email;date_of_birth;gender;registeration_date;telephone;mobile;thumbnail_photo_url;full_photo_url;id_number;info
1;Ricardo;Kuphal;indigo;Nicklaus.Morar37@gmail.com;2021-02-26;MALE;2021-02-27;(195) 272-4809 x697;connect Refined;Avon Shoes Bedfordshire;partnerships rich Iowa;Intranet South Dakota;Shoes
2;Kariane;Sauer;open-source emulation;Laurence8@yahoo.com;2021-02-26;MALE;2021-02-26;(680) 549-5599;Alabama olive virtual;transmit;array Practical;synthesizing;dedicated Sports Credit Card Account
3;Darian;Treutel;models Developer Automotive;Trycia.Conn@hotmail.com;2021-02-27;OTHER;2021-02-26;533-961-8421 x11193;deploy Interactions;Handmade Fiji Dollar;copying deposit;Legacy Garden Regional;Illinois Money Market Account circuit
4;Sedrick;Runolfsdottir;Virgin Islands, British;Jeanne_Schmidt@gmail.com;2021-02-27;MALE;2021-02-26;642-212-3771 x460;enable 1080p;killer uniform;Grocery;Gorgeous Fresh Fish Checking Account Avon;withdrawal
5;Quinten;Kassulke;compressing Direct Outdoors;Tabitha.Walker@gmail.com;2021-02-27;MALE;2021-02-26;1-085-330-6956;payment;invoice;systems Home;invoice;Bulgaria
6;Linda;O'Reilly;Engineer Handcrafted;Wendy_OConnell45@hotmail.com;2021-02-26;MALE;2021-02-27;(292) 239-1812 x4937;port Towels;Configurable Nevada Checking Account;benchmark Unbranded Cotton Chair;Frozen Branding;Bedfordshire
7;Bobbie;Konopelski;Automotive;Macie.Schaden@gmail.com;2021-02-26;FEMALE;2021-02-27;(160) 410-4505;Buckinghamshire Bedfordshire Analyst;digital;Unbranded Wooden Pants;cross-platform Vermont disintermediate;Cheese efficient
8;Meda;Bednar;gold;Dorian66@hotmail.com;2021-02-26;FEMALE;2021-02-26;665.656.0613 x50800;Fully-configurable;Reactive parsing;Program;SQL interface;generate generate implement
9;Jon;Pagac;Developer azure;Elise59@hotmail.com;2021-02-26;MALE;2021-02-26;155.509.8710;Wyoming;Throughway Tasty next-generation;matrices transform;Persevering New Mexico Keyboard;Point compressing
10;Cecil;Cartwright;deposit optical reintermediate;Tiara.Jaskolski@yahoo.com;2021-02-26;OTHER;2021-02-27;(159) 526-5469 x60311;haptic;impactful Avon;incubate Russian Federation calculating;dot-com instruction set synthesizing;hacking
